latitude,longitude,brightness,scan,track,acq_date,acq_time,satellite,confidence,version,bright_t31,frp,daynight
-12.71342,-54.20318,310.32,1.12,1.05,2026-06-15,0024,T,80,6.1NRT,294.06,10.42,N
-11.0147,-44.67667,303,2.87,1.62,2026-06-15,0024,T,53,6.1NRT,291.38,23.15,N
-11.01909,-44.70221,318.79,2.86,1.61,2026-06-15,0024,T,97,6.1NRT,291.77,76.49,N
-11.02573,-44.6815,309.93,2.87,1.62,2026-06-15,0024,T,79,6.1NRT,291.61,44.32,N
-11.02991,-44.70705,309.69,2.86,1.61,2026-06-15,0024,T,78,6.1NRT,291.55,43.11,N
-11.72068,-54.48876,315.79,1.12,1.06,2026-06-15,0024,T,92,6.1NRT,294.76,15.68,N
-11.72201,-54.49887,304.12,1.13,1.06,2026-06-15,0024,T,59,6.1NRT,293.63,5.8,N
-10.37814,-47.0478,305.94,1.92,1.35,2026-06-15,0024,T,66,6.1NRT,293.67,14.92,N
-11.26412,-53.9594,306.83,1.06,1.03,2026-06-15,0024,T,69,6.1NRT,294.38,7.1,N
-11.31221,-54.46714,306.34,1.11,1.05,2026-06-15,0024,T,68,6.1NRT,294.93,6.69,N
-10.29214,-47.60664,310.73,1.75,1.3,2026-06-15,0024,T,81,6.1NRT,293.24,21.28,N
-10.83775,-53.72802,307.89,1.04,1.02,2026-06-15,0024,T,73,6.1NRT,294.5,7.14,N
-10.83899,-53.7373,308.34,1.04,1.02,2026-06-15,0024,T,74,6.1NRT,294.5,7.51,N
-10.80432,-54.17005,305.55,1.07,1.03,2026-06-15,0024,T,65,6.1NRT,294.66,6.24,N
-10.80558,-54.17962,308.48,1.07,1.03,2026-06-15,0024,T,75,6.1NRT,294.6,8.26,N
-10.76838,-54.10373,307.45,1.07,1.03,2026-06-15,0024,T,71,6.1NRT,294.88,7.37,N
-8.96503,-46.91676,315.76,2.09,1.41,2026-06-15,0024,T,92,6.1NRT,293.3,40,N
-8.9556,-46.93742,303.88,2.08,1.4,2026-06-15,0024,T,57,6.1NRT,292.58,15.46,N
-9.26747,-50.65217,306.19,1.14,1.07,2026-06-15,0024,T,67,6.1NRT,294.21,7,N
-9.26892,-50.66232,345.55,1.14,1.06,2026-06-15,0024,T,100,6.1NRT,295.81,63.59,N
-8.88665,-48.50084,303.92,1.58,1.24,2026-06-15,0024,T,58,6.1NRT,293.8,9.16,N
-8.88882,-48.51493,308.18,1.58,1.24,2026-06-15,0024,T,74,6.1NRT,293.8,14.23,N
-8.88482,-48.50761,312.52,1.58,1.24,2026-06-15,0024,T,85,6.1NRT,294.09,19.51,N
-8.1919,-46.75922,322.18,2.22,1.44,2026-06-15,0026,T,100,6.1NRT,293.85,61.26,N
-7.63434,-50.04073,305.35,1.29,1.13,2026-06-15,0026,T,62,6.1NRT,294.63,6.42,N
-7.31955,-48.88224,328.08,1.57,1.24,2026-06-15,0026,T,100,6.1NRT,294.01,49.71,N
-6.57657,-51.09984,329.39,1.16,1.07,2026-06-15,0026,T,100,6.1NRT,295.9,33.04,N
-6.57802,-51.11013,310.29,1.16,1.07,2026-06-15,0026,T,79,6.1NRT,294.56,9.86,N
-6.12216,-48.49586,307.8,1.76,1.3,2026-06-15,0026,T,60,6.1NRT,294.63,13.07,N
-6.12474,-48.50222,306.92,1.76,1.3,2026-06-15,0026,T,11,6.1NRT,294.45,11.08,N
-3.51548,-48.0363,304.99,2.12,1.42,2026-06-15,0026,T,60,6.1NRT,294.65,13.03,N
-13.80928,-43.64625,305.32,3.05,1.66,2026-06-15,0024,T,64,6.1NRT,291.48,30.36,N
-13.81412,-43.67345,303.44,3.03,1.66,2026-06-15,0024,T,55,6.1NRT,291.35,24.59,N
-13.80847,-43.65314,309.76,3.05,1.66,2026-06-15,0024,T,78,6.1NRT,291.62,45.54,N
-14.91625,-56.75332,304.73,1.72,1.29,2026-06-15,0024,T,61,6.1NRT,291.39,10.57,N
-36.2118,-72.67094,327.67,1.04,1.02,2026-06-15,0156,T,100,6.1NRT,281.18,31.34,N
-10.15487,-56.60002,321.54,1.02,1.01,2026-06-15,0712,A,100,6.1NRT,294.6,19,N
-13.10947,-57.22993,301.39,1.02,1.01,2026-06-15,0712,A,41,6.1NRT,290.07,4.97,N
-6.57641,-51.10605,303.69,1.9,1.35,2026-06-15,0709,A,56,6.1NRT,292.91,12.41,N
-6.57885,-51.08913,303.35,1.91,1.35,2026-06-15,0709,A,55,6.1NRT,293.05,12.38,N
-6.57292,-51.0956,310.19,1.91,1.35,2026-06-15,0709,A,79,6.1NRT,293.6,23.95,N
-0.07758,-77.65155,306.55,1.14,1.06,2026-06-15,0848,A,68,6.1NRT,282.33,13.34,N
-6.78511,-39.18741,326.39,1.21,1.09,2026-06-15,1113,T,82,6.1NRT,295.87,28.54,D
-10.14511,-39.50138,308.62,1.15,1.07,2026-06-15,1113,T,63,6.1NRT,297.18,5.53,D
-14.71037,-42.02072,304.36,1.41,1.17,2026-06-15,1115,T,51,6.1NRT,293.34,6.13,D
-14.84553,-41.35254,304.46,1.27,1.12,2026-06-15,1115,T,55,6.1NRT,292.88,5.32,D
-14.84788,-41.34771,305.24,1.27,1.12,2026-06-15,1115,T,57,6.1NRT,292.89,6.14,D
-6.569,-51.11152,307.82,4.44,1.94,2026-06-15,1249,T,54,6.1NRT,293.45,37.11,D
-6.57728,-51.07823,307.79,4.47,1.94,2026-06-15,1249,T,49,6.1NRT,293.56,36.22,D
-10.15913,-56.60395,311.83,1.82,1.32,2026-06-15,1249,T,63,6.1NRT,297.23,17.55,D
-10.83899,-53.73365,311.84,3.16,1.68,2026-06-15,1249,T,31,6.1NRT,297.47,30.1,D
-10.57161,-57.32081,311.82,1.62,1.25,2026-06-15,1249,T,64,6.1NRT,296.14,15.02,D
-10.57348,-57.30651,310.13,1.63,1.26,2026-06-15,1249,T,60,6.1NRT,295.68,12.55,D
-10.71101,-56.24257,321.78,1.98,1.37,2026-06-15,1249,T,78,6.1NRT,296.41,43.65,D
-10.57438,-57.31305,316.29,1.63,1.26,2026-06-15,1249,T,72,6.1NRT,295.89,21.01,D
-10.7157,-56.24971,317.82,1.98,1.37,2026-06-15,1249,T,74,6.1NRT,295.81,33.92,D
-10.71779,-56.23226,309.93,1.98,1.37,2026-06-15,1249,T,60,6.1NRT,296.19,17.21,D
-11.78207,-54.24441,307.79,2.97,1.64,2026-06-15,1251,T,52,6.1NRT,296.89,26,D
-11.67189,-56.76416,306.89,1.86,1.33,2026-06-15,1251,T,48,6.1NRT,295.73,10.35,D
-11.79331,-57.00023,317.88,1.79,1.31,2026-06-15,1251,T,74,6.1NRT,296.51,29.63,D
-11.97983,-57.80664,307.92,1.57,1.23,2026-06-15,1251,T,33,6.1NRT,295.06,7.93,D
-12.55004,-57.16573,313.58,1.79,1.31,2026-06-15,1251,T,41,6.1NRT,295.76,18.19,D
-35.63608,-72.55975,315.38,1.41,1.17,2026-06-15,1259,T,76,6.1NRT,279.36,28.98,D
-0.27709,-79.45679,308.41,1.76,1.3,2026-06-15,1427,T,65,6.1NRT,293.28,9.61,D
-1.04347,-79.47419,310.74,1.81,1.32,2026-06-15,1427,T,54,6.1NRT,293.2,12.28,D
-13.28905,-40.33492,315.95,2.96,1.64,2026-06-15,1745,A,71,6.1NRT,296.94,45.96,D
-13.29209,-40.3604,312.52,2.97,1.64,2026-06-15,1745,A,66,6.1NRT,296.49,32.89,D
-11.42922,-40.7697,312.5,3,1.65,2026-06-15,1747,A,58,6.1NRT,296.8,38.26,D
-10.99516,-39.28881,314.28,2.24,1.45,2026-06-15,1747,A,62,6.1NRT,300.23,15.88,D
-11.00463,-39.27432,316.51,2.23,1.45,2026-06-15,1747,A,68,6.1NRT,301.06,21.96,D
-11.00723,-39.29398,313.91,2.24,1.45,2026-06-15,1747,A,63,6.1NRT,300.22,16.14,D
-16.40763,-39.46314,308.92,2.8,1.6,2026-06-15,1743,A,61,6.1NRT,293.6,21.12,D
-10.4428,-38.35003,313.66,1.85,1.33,2026-06-15,1747,A,43,6.1NRT,293.53,19.82,D
-16.40335,-39.4685,310.15,2.8,1.6,2026-06-15,1743,A,64,6.1NRT,293.76,25.56,D
-10.63536,-40.53572,310.77,2.79,1.6,2026-06-15,1747,A,46,6.1NRT,295.89,29.62,D
-15.87145,-40.10642,309.02,3.09,1.67,2026-06-15,1743,A,63,6.1NRT,295.07,20.86,D
-6.39745,-38.08062,317.77,1.53,1.22,2026-06-15,1747,A,74,6.1NRT,295.6,21.03,D
-6.03404,-35.97384,314.06,1.12,1.05,2026-06-15,1747,A,44,6.1NRT,298.83,11.2,D
-3.97104,-43.12852,309,3.53,1.77,2026-06-15,1749,A,31,6.1NRT,292.84,27.88,D
10.05453,-64.86797,319.89,1.22,1.1,2026-06-15,1930,A,80,6.1NRT,290.53,18.14,D
-7.36926,-49.85995,314.83,3.3,1.72,2026-06-15,1925,A,66,6.1NRT,296.89,43.29,D
-7.99059,-55.51163,314.4,1.21,1.09,2026-06-15,1925,A,53,6.1NRT,301.4,8.38,D
-6.5769,-51.10419,318.24,2.71,1.58,2026-06-15,1925,A,72,6.1NRT,298.55,46.59,D
-7.86486,-63.5143,309.61,1.85,1.33,2026-06-15,1925,A,56,6.1NRT,295.61,10.71,D
-7.86708,-63.53057,312.04,1.86,1.33,2026-06-15,1925,A,63,6.1NRT,296.1,15.39,D
-4.24079,-55.16101,314.16,1.44,1.19,2026-06-15,1928,A,59,6.1NRT,294.73,14.4,D
-3.12552,-58.999,327.22,1,1,2026-06-15,1928,A,71,6.1NRT,296.86,20.76,D
-34.0781,-58.68586,301.82,1.97,1.37,2026-06-15,1919,A,49,6.1NRT,284.04,18.66,D
-2.78493,-57.01008,310.21,1.16,1.07,2026-06-15,1928,A,55,6.1NRT,296.46,5.12,D
-34.08009,-58.70692,310.72,1.98,1.37,2026-06-15,1919,A,70,6.1NRT,284.4,34.05,D
-3.30515,-61.31075,314.09,1.13,1.06,2026-06-15,1928,A,68,6.1NRT,296.89,10.79,D
-32.84222,-54.22866,306.94,1.08,1.04,2026-06-15,1919,A,64,6.1NRT,284.19,11.09,D
-3.30658,-61.32059,311.85,1.13,1.06,2026-06-15,1928,A,54,6.1NRT,296.11,9.05,D
-32.83157,-54.21912,309.41,1.08,1.04,2026-06-15,1919,A,69,6.1NRT,282.58,13,D
-32.83306,-54.23042,340.57,1.08,1.04,2026-06-15,1919,A,92,6.1NRT,284.69,52.95,D
-31.28639,-55.20735,305.94,1.14,1.06,2026-06-15,1919,A,62,6.1NRT,283.85,11.46,D
-29.75185,-51.62722,308.46,1.04,1.02,2026-06-15,1919,A,67,6.1NRT,279.88,12.36,D
-28.68353,-56.48573,337.33,1.23,1.1,2026-06-15,1919,A,85,6.1NRT,272.73,55.74,D
-28.68504,-56.49801,360.41,1.23,1.1,2026-06-15,1919,A,94,6.1NRT,276.5,121.14,D
-28.48057,-56.75207,305.15,1.26,1.11,2026-06-15,1919,A,61,6.1NRT,282.39,12.02,D
-28.42602,-56.63358,302.25,1.24,1.11,2026-06-15,1919,A,51,6.1NRT,282.62,8.87,D
-27.9726,-56.51243,306.57,1.21,1.09,2026-06-15,1919,A,56,6.1NRT,286.45,10.27,D
-27.97411,-56.52444,322.93,1.21,1.09,2026-06-15,1919,A,82,6.1NRT,288.44,28.04,D
-27.96297,-56.51398,322.56,1.21,1.09,2026-06-15,1919,A,82,6.1NRT,285.51,26.99,D
-27.96447,-56.52598,339.55,1.21,1.09,2026-06-15,1919,A,92,6.1NRT,288.46,56.67,D
-26.57157,-57.46589,300.2,1.31,1.13,2026-06-15,1919,A,32,6.1NRT,280.03,7.71,D
-22.4094,-57.17931,308.21,1.13,1.06,2026-06-15,1921,A,67,6.1NRT,284.92,10.41,D
-16.9898,-53.20813,310.2,1.23,1.1,2026-06-15,1921,A,65,6.1NRT,293.27,9.55,D
-16.24805,-53.72094,312.71,1.18,1.08,2026-06-15,1921,A,66,6.1NRT,297.13,8.62,D
-16.23858,-53.72253,329.42,1.18,1.08,2026-06-15,1921,A,84,6.1NRT,297.54,29.62,D
-15.71618,-55.29895,305.43,1.04,1.02,2026-06-15,1921,A,51,6.1NRT,293.36,4.99,D
-14.75244,-52.67301,316.98,1.44,1.19,2026-06-15,1923,A,67,6.1NRT,300.14,14.17,D
-15.14968,-55.34237,323.52,1.04,1.02,2026-06-15,1923,A,81,6.1NRT,294.82,18.99,D
-15.07268,-55.81363,308.69,1.02,1.01,2026-06-15,1923,A,62,6.1NRT,294.6,5.37,D
-14.39284,-52.10982,310.71,1.6,1.25,2026-06-15,1923,A,55,6.1NRT,297.78,9.16,D
-14.00806,-51.40886,313.96,1.84,1.33,2026-06-15,1923,A,63,6.1NRT,297.5,15.17,D
-14.40826,-56.31431,315.45,1.01,1,2026-06-15,1923,A,72,6.1NRT,297.22,9.31,D
-13.97461,-54.49656,317.53,1.15,1.07,2026-06-15,1923,A,72,6.1NRT,296.66,13.01,D
-13.96526,-54.4981,337.21,1.15,1.07,2026-06-15,1923,A,89,6.1NRT,298.32,41.62,D
-14.56503,-58.89111,309,1.13,1.06,2026-06-15,1923,A,64,6.1NRT,295.08,5.52,D
-14.524,-58.77888,312.45,1.12,1.05,2026-06-15,1923,A,61,6.1NRT,296.71,9.06,D
-13.81415,-54.95942,316.95,1.1,1.05,2026-06-15,1923,A,71,6.1NRT,293.59,11.52,D
-13.8157,-54.96938,312.36,1.1,1.05,2026-06-15,1923,A,58,6.1NRT,295.8,6.79,D
-14.11788,-59.45132,315.59,1.19,1.09,2026-06-15,1923,A,53,6.1NRT,297.06,10.36,D
-14.11936,-59.4621,319.19,1.2,1.09,2026-06-15,1923,A,69,6.1NRT,298.01,15.07,D
-14.10837,-59.45279,353.73,1.19,1.09,2026-06-15,1923,A,97,6.1NRT,297.68,82.88,D
-14.10983,-59.46353,343.1,1.2,1.09,2026-06-15,1923,A,92,6.1NRT,297.62,55.21,D
-14.09884,-59.45418,319.8,1.19,1.09,2026-06-15,1923,A,71,6.1NRT,294.8,15.04,D
-12.92619,-54.22727,319.65,1.23,1.1,2026-06-15,1923,A,34,6.1NRT,298.71,14.24,D
-12.90693,-54.23044,322.09,1.23,1.1,2026-06-15,1923,A,68,6.1NRT,300.76,17.39,D
-12.73758,-54.20342,321.05,1.24,1.11,2026-06-15,1923,A,54,6.1NRT,306.18,15.38,D
-12.68398,-54.584,339.11,1.18,1.08,2026-06-15,1923,A,90,6.1NRT,303.04,45.79,D
-12.91065,-58.00884,321.3,1.02,1.01,2026-06-15,1923,A,77,6.1NRT,297.84,14.93,D
-12.91196,-58.01797,316.88,1.02,1.01,2026-06-15,1923,A,71,6.1NRT,298.09,10.45,D
-12.55104,-57.17483,327.25,1,1,2026-06-15,1923,A,77,6.1NRT,304.05,16.57,D
-12.54646,-57.22766,320.89,1,1,2026-06-15,1923,A,75,6.1NRT,299.48,13.31,D
-11.35953,-51.41856,316.2,2.07,1.4,2026-06-15,1923,A,67,6.1NRT,298.19,21.93,D
-11.91019,-54.83101,318.92,1.17,1.08,2026-06-15,1923,A,72,6.1NRT,301.17,13.75,D
-11.55522,-52.77831,366.7,1.61,1.25,2026-06-15,1923,A,100,6.1NRT,300.86,200.54,D
-11.54431,-52.78016,398.95,1.61,1.25,2026-06-15,1923,A,100,6.1NRT,301.88,486.22,D
-11.72431,-54.48564,338.33,1.23,1.1,2026-06-15,1923,A,89,6.1NRT,300.91,46.81,D
-11.72602,-54.49654,353.65,1.23,1.1,2026-06-15,1923,A,97,6.1NRT,302.05,87.32,D
-10.88485,-49.52614,312.43,2.99,1.64,2026-06-15,1923,A,56,6.1NRT,298.92,25.83,D
-10.88945,-49.55219,320.74,2.97,1.64,2026-06-15,1923,A,74,6.1NRT,298.19,60.9,D
-11.71467,-54.48718,315.16,1.23,1.1,2026-06-15,1923,A,65,6.1NRT,301.98,9.86,D
-11.71638,-54.49808,325.43,1.23,1.1,2026-06-15,1923,A,79,6.1NRT,301.47,23.76,D
-11.74284,-54.79008,314.86,1.18,1.08,2026-06-15,1923,A,15,6.1NRT,302.57,8.46,D
-11.74449,-54.80056,321.71,1.18,1.08,2026-06-15,1923,A,73,6.1NRT,303.6,16.34,D
-11.91874,-57.03362,316.92,1,1,2026-06-15,1923,A,69,6.1NRT,300.83,9.62,D
-11.92005,-57.04253,322.83,1,1,2026-06-15,1923,A,77,6.1NRT,301.4,15.07,D
-10.71246,-49.67714,311.7,2.93,1.63,2026-06-15,1923,A,52,6.1NRT,298.12,21.89,D
-11.59827,-55.33344,314.18,1.12,1.05,2026-06-15,1923,A,56,6.1NRT,299.76,7.61,D
-11.59978,-55.34333,316.62,1.12,1.05,2026-06-15,1923,A,68,6.1NRT,299.7,9.89,D
-11.58905,-55.33492,331.15,1.12,1.05,2026-06-15,1923,A,84,6.1NRT,298.81,27.73,D
-11.59057,-55.34482,341.42,1.12,1.05,2026-06-15,1923,A,91,6.1NRT,300.04,45.87,D
-11.79424,-56.9947,322.33,1,1,2026-06-15,1923,A,68,6.1NRT,304.54,13.05,D
-11.79556,-57.00361,341.91,1,1,2026-06-15,1923,A,91,6.1NRT,305.07,40.08,D
-11.9017,-57.78906,339.63,1.01,1,2026-06-15,1923,A,90,6.1NRT,299.61,38.66,D
-11.79931,-57.35563,321.01,1,1,2026-06-15,1923,A,75,6.1NRT,302.08,11.86,D
-11.27219,-53.96544,316.84,1.35,1.15,2026-06-15,1923,A,64,6.1NRT,303.14,12.89,D
-11.32111,-54.46402,321.42,1.25,1.11,2026-06-15,1923,A,75,6.1NRT,299.45,18.1,D
-11.32288,-54.47512,316,1.25,1.11,2026-06-15,1923,A,62,6.1NRT,299.51,11.2,D
-11.66704,-56.76508,312.28,1.01,1,2026-06-15,1923,A,50,6.1NRT,301.02,5.7,D
-11.51495,-56.12354,319.85,1.05,1.02,2026-06-15,1923,A,72,6.1NRT,301.6,12.93,D
-11.51635,-56.1328,324.87,1.04,1.02,2026-06-15,1923,A,78,6.1NRT,301.93,17.99,D
-11.80735,-58.16537,314.61,1.02,1.01,2026-06-15,1923,A,66,6.1NRT,300.82,7.19,D
-11.80866,-58.17443,321.03,1.02,1.01,2026-06-15,1923,A,76,6.1NRT,301.01,13.22,D
-11.48555,-57.1036,322.07,1,1,2026-06-15,1923,A,43,6.1NRT,299,13.09,D
-11.48686,-57.1125,358.25,1,1,2026-06-15,1923,A,99,6.1NRT,301.25,75.32,D
-11.47546,-57.09606,316.7,1,1,2026-06-15,1923,A,59,6.1NRT,298.5,9.29,D
-11.47678,-57.10497,322.51,1,1,2026-06-15,1923,A,65,6.1NRT,302,13.88,D
-11.4781,-57.11386,348.99,1,1,2026-06-15,1923,A,95,6.1NRT,302.84,53.46,D
-11.47941,-57.12276,342.14,1,1,2026-06-15,1923,A,91,6.1NRT,301.07,39.93,D
-10.78055,-53.06824,313.21,1.58,1.24,2026-06-15,1923,A,59,6.1NRT,298.21,12.95,D
-10.90878,-54.13562,332.18,1.33,1.14,2026-06-15,1923,A,85,6.1NRT,299.65,39.08,D
-10.82015,-56.60152,333.14,1.03,1.01,2026-06-15,1923,A,86,6.1NRT,304.69,26.39,D
-10.82151,-56.61058,337.33,1.02,1.01,2026-06-15,1923,A,88,6.1NRT,302.63,33.12,D
-10.82288,-56.61965,315.83,1.02,1.01,2026-06-15,1923,A,49,6.1NRT,299.66,7.48,D
-10.81129,-56.60288,315.65,1.03,1.01,2026-06-15,1923,A,36,6.1NRT,303.25,7.21,D
-10.09184,-52.18104,318.94,1.9,1.35,2026-06-15,1923,A,66,6.1NRT,300.42,22.97,D
-10.09626,-52.18715,320,1.9,1.35,2026-06-15,1923,A,73,6.1NRT,300.79,26.95,D
-10.71943,-56.248,324.3,1.05,1.02,2026-06-15,1923,A,78,6.1NRT,301.43,17.48,D
-10.57483,-57.31454,321.06,1,1,2026-06-15,1923,A,75,6.1NRT,301.62,12.94,D
-10.57614,-57.32341,319.76,1,1,2026-06-15,1923,A,74,6.1NRT,303.49,11.74,D
-11.21127,-61.84403,332.86,1.56,1.23,2026-06-15,1923,A,87,6.1NRT,297.13,54.49,D
-8.75938,-47.81775,320.38,4.5,1.95,2026-06-15,1923,A,73,6.1NRT,298.55,107.24,D
-10.16283,-56.59838,311.36,1.03,1.02,2026-06-15,1923,A,52,6.1NRT,299.55,5.16,D
-10.15395,-56.59978,382.44,1.03,1.02,2026-06-15,1923,A,100,6.1NRT,304.29,165.61,D
-10.15533,-56.6089,337.88,1.03,1.02,2026-06-15,1923,A,89,6.1NRT,302.9,35.7,D
-10.02794,-59.34396,312.78,1.07,1.03,2026-06-15,1923,A,62,6.1NRT,301.11,6.1,D
-9.20408,-58.04612,309.53,1,1,2026-06-15,1923,A,46,6.1NRT,298.7,4.04,D
-39.51681,-65.72516,312.34,2.45,1.51,2026-06-15,2053,A,85,6.1NRT,281.95,55.36,D
-37.20057,-73.14013,304.09,1.1,1.05,2026-06-15,2055,A,58,6.1NRT,284.78,9.21,D
-37.20258,-73.152,301.02,1.1,1.05,2026-06-15,2055,A,44,6.1NRT,284.48,7.23,D
-37.02399,-72.7704,310.39,1.14,1.07,2026-06-15,2055,A,70,6.1NRT,281.78,15.06,D
-37.02617,-72.78289,304.42,1.14,1.07,2026-06-15,2055,A,59,6.1NRT,283.07,10.35,D
-36.51411,-71.72083,306.85,1.3,1.13,2026-06-15,2055,A,24,6.1NRT,280.46,13.19,D
-36.51661,-71.73449,353.82,1.3,1.13,2026-06-15,2055,A,85,6.1NRT,283.27,108.85,D
-36.13695,-72.56911,303.72,1.2,1.09,2026-06-15,2055,A,57,6.1NRT,284.41,10.72,D
-35.8526,-72.41196,319.12,1.23,1.1,2026-06-15,2055,A,58,6.1NRT,284.41,23.34,D
-35.84064,-72.40171,323.31,1.24,1.1,2026-06-15,2055,A,67,6.1NRT,284.79,28.89,D
-35.84302,-72.41489,353.67,1.23,1.1,2026-06-15,2055,A,97,6.1NRT,286.39,96.18,D
-35.84023,-72.40736,342.02,1.24,1.1,2026-06-15,2055,A,93,6.1NRT,286.05,64.14,D
-35.84256,-72.42059,321.12,1.23,1.1,2026-06-15,2055,A,56,6.1NRT,284.99,25.58,D
-35.38188,-71.26394,307.27,1.44,1.19,2026-06-15,2057,A,65,6.1NRT,281.96,18.38,D
-6.63197,-79.90625,311.74,1.3,1.13,2026-06-15,2104,A,62,6.1NRT,296.64,6.13,D
-5.48375,-80.79264,315.09,1.19,1.09,2026-06-15,2104,A,50,6.1NRT,300.37,5.98,D
-5.43595,-80.67129,316.58,1.21,1.09,2026-06-15,2104,A,61,6.1NRT,299.37,7.95,D
-5.43758,-80.68185,319.53,1.21,1.09,2026-06-15,2104,A,69,6.1NRT,299.52,11.72,D
-5.28906,-80.72774,319.53,1.21,1.09,2026-06-15,2104,A,70,6.1NRT,299.12,10.71,D
-14.85388,-43.36133,313.09,2.22,1.44,2026-06-15,2324,T,86,6.1NRT,292.28,35.25,N
-14.8561,-43.38172,312.69,2.23,1.45,2026-06-15,2324,T,85,6.1NRT,291.87,35.21,N
-14.85408,-43.36804,321.85,2.22,1.44,2026-06-15,2324,T,100,6.1NRT,292.86,60.29,N
-13.81757,-43.63885,302.53,2.25,1.45,2026-06-15,2324,T,50,6.1NRT,292.44,12.17,N
-13.81986,-43.65918,303.89,2.26,1.46,2026-06-15,2324,T,57,6.1NRT,292.13,14.49,N
-13.55645,-47.86029,303.1,4.82,2,2026-06-15,2324,T,27,6.1NRT,288.81,50.09,N
-13.55652,-47.86555,303.03,4.82,2,2026-06-15,2324,T,53,6.1NRT,288.89,52.21,N
-12.13026,-39.41549,304.69,1.11,1.05,2026-06-15,2324,T,61,6.1NRT,293.38,5.76,N
-12.14758,-43.18528,310.54,1.96,1.37,2026-06-15,2326,T,80,6.1NRT,292.3,21.98,N
-12.14971,-43.2029,312.09,1.96,1.37,2026-06-15,2326,T,84,6.1NRT,292.1,24.69,N
-12.06476,-47.54979,303.32,4.34,1.92,2026-06-15,2326,T,54,6.1NRT,292.44,37.39,N
-12.06109,-47.55687,303.04,4.34,1.92,2026-06-15,2326,T,53,6.1NRT,292.49,34.8,N
-9.00975,-41.00075,304.99,1.24,1.11,2026-06-15,2326,T,58,6.1NRT,294.28,6.88,N
-9.3428,-45.48417,318.06,2.71,1.58,2026-06-15,2326,T,96,6.1NRT,291.96,67.51,N
-9.32889,-45.48586,323.35,2.71,1.58,2026-06-15,2326,T,100,6.1NRT,292.14,90.32,N
-9.35142,-45.48843,305.44,2.71,1.58,2026-06-15,2326,T,18,6.1NRT,291.32,25.51,N
-9.33751,-45.49009,306.98,2.71,1.58,2026-06-15,2326,T,33,6.1NRT,291.71,30.1,N
-9.3207,-45.46793,307.12,2.7,1.57,2026-06-15,2326,T,19,6.1NRT,291.58,29.58,N
-9.3236,-45.49176,313.46,2.71,1.58,2026-06-15,2326,T,74,6.1NRT,291.71,49.32,N
-9.3683,-46.50151,304.3,3.28,1.71,2026-06-15,2326,T,59,6.1NRT,292.71,30.83,N
-9.2708,-48.57842,304.56,4.79,2,2026-06-15,2326,T,61,6.1NRT,293.07,50.64,N
-9.27032,-48.58482,304.62,4.79,2,2026-06-15,2326,T,61,6.1NRT,293.17,51.57,N
-8.94875,-46.94485,322.13,3.51,1.76,2026-06-15,2326,T,100,6.1NRT,293.58,119.67,N
-8.9522,-46.97585,308.08,3.53,1.77,2026-06-15,2326,T,73,6.1NRT,292.71,45.57,N
-8.953,-46.9494,314.9,3.51,1.76,2026-06-15,2326,T,90,6.1NRT,293.32,79.67,N
-8.93753,-46.95159,318.55,3.51,1.76,2026-06-15,2326,T,97,6.1NRT,292.99,99.3,N
-8.97268,-47.98269,303.37,4.25,1.91,2026-06-15,2326,T,55,6.1NRT,293.22,36.87,N
-8.9848,-47.98793,303.9,4.25,1.91,2026-06-15,2326,T,58,6.1NRT,293.2,40.54,N
-8.18767,-46.75671,304.93,3.3,1.72,2026-06-15,2326,T,62,6.1NRT,293.29,33.26,N
-6.97923,-42.87149,308.01,1.55,1.23,2026-06-15,2326,T,64,6.1NRT,295.1,12.03,N
-6.98101,-42.88504,319.44,1.55,1.23,2026-06-15,2326,T,98,6.1NRT,296.09,29.66,N
-6.97018,-42.88649,308.59,1.55,1.23,2026-06-15,2326,T,72,6.1NRT,295.64,12.6,N
-6.40434,-44.17668,317.17,1.91,1.35,2026-06-15,2326,T,95,6.1NRT,293.31,36.92,N
-6.39242,-44.17821,339.14,1.91,1.35,2026-06-15,2326,T,100,6.1NRT,294.29,106.85,N
-6.31295,-43.6514,312.5,1.74,1.29,2026-06-15,2326,T,85,6.1NRT,294.44,22.27,N
-6.29959,-43.63746,322.27,1.73,1.29,2026-06-15,2326,T,100,6.1NRT,294.18,41.37,N
-6.30153,-43.65268,332.44,1.74,1.29,2026-06-15,2326,T,100,6.1NRT,293.98,69.01,N
-5.8448,-43.48784,311.56,1.66,1.27,2026-06-15,2326,T,82,6.1NRT,294.66,19.78,N
-5.83365,-43.48935,320.4,1.66,1.27,2026-06-15,2326,T,100,6.1NRT,294.32,36.02,N
-5.80387,-43.78775,306.89,1.75,1.3,2026-06-15,2326,T,68,6.1NRT,294.29,14.25,N
-5.59519,-43.50941,308.23,1.65,1.26,2026-06-15,2326,T,72,6.1NRT,295.08,13.83,N
-5.80127,-45.07481,327.96,2.21,1.44,2026-06-15,2326,T,100,6.1NRT,295.86,80.41,N
-5.80385,-45.09456,307.55,2.22,1.44,2026-06-15,2326,T,72,6.1NRT,295.05,21.21,N
-5.58404,-43.51078,316.52,1.65,1.26,2026-06-15,2326,T,93,6.1NRT,295.41,26.81,N
-3.95937,-43.11272,313.33,1.46,1.19,2026-06-15,2329,T,86,6.1NRT,295.32,17.89,N
-3.96108,-43.12555,307.97,1.46,1.19,2026-06-15,2329,T,71,6.1NRT,295.02,11.13,N
-4.35613,-47.76449,329.95,3.47,1.75,2026-06-15,2329,T,100,6.1NRT,293.23,170.52,N
-4.35983,-47.76969,327.24,3.47,1.75,2026-06-15,2329,T,100,6.1NRT,293.19,150.76,N
-3.56127,-43.20398,305.2,1.46,1.19,2026-06-15,2329,T,62,6.1NRT,294.74,7.6,N
-29.53813,-60.97036,304.19,1.18,1.08,2026-06-16,0058,T,59,6.1NRT,278.73,11.7,N
8.68525,-63.14909,304.39,1.32,1.14,2026-06-16,0109,T,60,6.1NRT,287.83,7.79,N
8.68372,-63.16077,306.69,1.32,1.14,2026-06-16,0109,T,69,6.1NRT,287.45,9.82,N
9.3772,-64.51862,315,1.13,1.06,2026-06-16,0109,T,90,6.1NRT,286.06,15.34,N
9.3759,-64.52858,329.1,1.12,1.06,2026-06-16,0109,T,100,6.1NRT,285.39,32.06,N
9.3839,-64.53985,300.76,1.12,1.06,2026-06-16,0109,T,28,6.1NRT,284.64,3.74,N
9.3826,-64.54982,307.87,1.12,1.06,2026-06-16,0109,T,73,6.1NRT,286.13,8.93,N
9.39189,-64.55109,301.67,1.12,1.06,2026-06-16,0109,T,12,6.1NRT,285.29,4.21,N
9.01661,-67.31618,310.25,1.02,1.01,2026-06-16,0109,T,80,6.1NRT,293.12,8.35,N
-15.06828,-55.81662,303.97,1.9,1.35,2026-06-16,0105,T,58,6.1NRT,290.04,14.31,N
-15.07447,-55.82172,301.8,1.9,1.35,2026-06-16,0105,T,44,6.1NRT,289.9,10.37,N
-14.10546,-59.45776,316.12,1.14,1.06,2026-06-16,0105,T,93,6.1NRT,291.43,16.58,N
-14.0961,-59.45926,306.22,1.14,1.06,2026-06-16,0105,T,54,6.1NRT,290.88,7.89,N
-12.7984,-54.86097,303.67,2.49,1.52,2026-06-16,0105,T,56,6.1NRT,292.21,19.21,N
-12.80332,-54.8665,307.66,2.49,1.52,2026-06-16,0105,T,72,6.1NRT,292.26,27.05,N
-11.55106,-52.78744,323.12,3.82,1.83,2026-06-16,0105,T,100,6.1NRT,292.63,138.96,N
-11.53502,-52.79012,305.79,3.82,1.83,2026-06-16,0105,T,66,6.1NRT,292.02,41.08,N
-11.53766,-52.76146,305.61,3.85,1.83,2026-06-16,0105,T,65,6.1NRT,291.94,40.67,N
-11.54339,-52.7955,316.03,3.82,1.83,2026-06-16,0105,T,92,6.1NRT,292.28,92.32,N
-11.90787,-55.91545,304.79,2.14,1.42,2026-06-16,0105,T,62,6.1NRT,292.25,16.64,N
-11.58955,-55.339,310.17,2.41,1.5,2026-06-16,0105,T,79,6.1NRT,293.36,31.61,N
-11.59296,-55.34479,307.42,2.41,1.5,2026-06-16,0105,T,71,6.1NRT,293.24,23.8,N
-11.79043,-56.98808,311.82,1.78,1.31,2026-06-16,0105,T,83,6.1NRT,293.36,22.27,N
-11.79293,-57.00391,320.58,1.77,1.3,2026-06-16,0105,T,100,6.1NRT,293.77,39.53,N
-11.90449,-57.78743,304.1,1.54,1.22,2026-06-16,0105,T,58,6.1NRT,292.97,8.56,N
-11.48564,-57.10539,313.36,1.76,1.3,2026-06-16,0105,T,87,6.1NRT,293.77,24.26,N
-11.48815,-57.12096,303.72,1.76,1.3,2026-06-16,0105,T,30,6.1NRT,293.32,9.3,N
-11.47686,-57.11337,325.95,1.76,1.3,2026-06-16,0105,T,100,6.1NRT,294.21,52.79,N
-11.47927,-57.12895,303.98,1.76,1.3,2026-06-16,0105,T,58,6.1NRT,293.19,10.4,N
-10.71448,-56.25555,309.58,2.12,1.41,2026-06-16,0105,T,78,6.1NRT,293.56,25.14,N
-10.70994,-56.24294,307.13,2.12,1.42,2026-06-16,0105,T,70,6.1NRT,293.6,20.33,N
-10.71282,-56.26139,303.78,2.12,1.41,2026-06-16,0105,T,57,6.1NRT,293.23,14.17,N
-10.15073,-56.6001,324.69,2.04,1.39,2026-06-16,0105,T,100,6.1NRT,295.29,60.42,N
-10.15357,-56.61796,311.37,2.03,1.39,2026-06-16,0105,T,82,6.1NRT,294.02,25.78,N
-9.32866,-45.48379,303.36,1.34,1.15,2026-06-16,0610,A,51,6.1NRT,289.97,9.19,N
-9.3406,-45.47365,308.84,1.34,1.15,2026-06-16,0610,A,76,6.1NRT,290.64,14.45,N
-10.54218,-47.03265,318.14,1.65,1.26,2026-06-16,0610,A,96,6.1NRT,291.42,35.09,N
-12.84714,-44.37659,326.74,1.07,1.03,2026-06-16,0612,A,100,6.1NRT,289.75,29.02,N
-12.84864,-44.36707,348.68,1.07,1.03,2026-06-16,0612,A,100,6.1NRT,291.68,67.15,N
-13.54652,-47.86813,309.26,1.68,1.27,2026-06-16,0612,A,77,6.1NRT,290.56,19.24,N
-19.47992,-42.53954,300.88,1.08,1.04,2026-06-16,0614,A,35,6.1NRT,289.12,5.95,N
-3.95929,-43.11242,310.92,1.15,1.07,2026-06-16,0610,A,81,6.1NRT,294.47,10.79,N
-5.83478,-43.48594,308,1.14,1.07,2026-06-16,0610,A,73,6.1NRT,292.85,9.84,N
-5.92814,-43.47626,305.08,1.14,1.06,2026-06-16,0610,A,63,6.1NRT,292.75,7.29,N
-5.80039,-45.06639,304.29,1.43,1.18,2026-06-16,0610,A,59,6.1NRT,292.99,10.06,N
-6.30132,-43.63919,305.33,1.15,1.07,2026-06-16,0610,A,64,6.1NRT,292.78,8.04,N
-6.39261,-44.17506,314.3,1.23,1.1,2026-06-16,0610,A,89,6.1NRT,292.64,17.42,N
-6.39429,-44.16438,305.67,1.22,1.1,2026-06-16,0610,A,65,6.1NRT,292.35,9.14,N
-6.97319,-42.88609,325.31,1.05,1.03,2026-06-16,0610,A,100,6.1NRT,293.56,25.21,N
-6.97462,-42.87687,318.55,1.05,1.02,2026-06-16,0610,A,97,6.1NRT,292.66,17.98,N
-6.14097,-48.51812,303.24,2.62,1.55,2026-06-16,0610,A,54,6.1NRT,292.58,16.09,N
-6.13611,-48.52191,303.49,2.62,1.55,2026-06-16,0610,A,55,6.1NRT,292.73,17.82,N
10.05666,-64.8592,305.86,1.17,1.08,2026-06-16,0744,A,66,6.1NRT,282.82,8.72,N
9.65486,-63.63144,361.93,1.03,1.02,2026-06-16,0744,A,100,6.1NRT,281.86,96.91,N
9.6535,-63.62234,369.32,1.03,1.02,2026-06-16,0744,A,100,6.1NRT,279.73,120.6,N
9.64599,-63.63277,304.25,1.03,1.02,2026-06-16,0744,A,19,6.1NRT,276.43,7.51,N
9.64464,-63.62368,306.43,1.03,1.02,2026-06-16,0744,A,53,6.1NRT,270.79,9.09,N
9.62395,-63.72907,341.99,1.04,1.02,2026-06-16,0744,A,100,6.1NRT,286.5,49.22,N
9.6226,-63.71993,347.77,1.04,1.02,2026-06-16,0744,A,100,6.1NRT,289.95,60.63,N
-8.33242,-47.49256,314.82,1.61,1.25,2026-06-16,1824,A,55,6.1NRT,301.14,10.79,D
-8.34956,-47.69559,324.02,1.67,1.27,2026-06-16,1824,A,75,6.1NRT,302.15,29.42,D
-8.35161,-47.71034,321.77,1.67,1.27,2026-06-16,1824,A,72,6.1NRT,301.29,24.72,D
-7.73141,-44.06895,315.59,1.03,1.01,2026-06-16,1824,A,52,6.1NRT,303.39,6.04,D
-8.11936,-46.86333,319.94,1.44,1.19,2026-06-16,1824,A,69,6.1NRT,302.25,17.95,D
-7.84486,-46.29039,324.02,1.3,1.13,2026-06-16,1824,A,75,6.1NRT,301.06,20.98,D
-21.35117,-43.83115,304.14,1.38,1.16,2026-06-16,1821,A,57,6.1NRT,290.9,7.53,D
-6.68175,-38.84966,319.99,1.6,1.24,2026-06-16,1824,A,74,6.1NRT,300.18,22.48,D
-21.35284,-43.84419,301.92,1.38,1.16,2026-06-16,1821,A,48,6.1NRT,291.13,5.67,D
-7.64246,-45.30342,326.51,1.14,1.06,2026-06-16,1824,A,77,6.1NRT,301.84,18.98,D
-7.85197,-47.15486,314.99,1.49,1.21,2026-06-16,1824,A,52,6.1NRT,301.93,9.83,D
-21.07495,-43.75253,340.3,1.35,1.15,2026-06-16,1821,A,92,6.1NRT,292.07,66,D
-7.85377,-47.16803,319.3,1.5,1.21,2026-06-16,1824,A,67,6.1NRT,301.95,16.81,D
-21.07652,-43.76534,347.48,1.35,1.15,2026-06-16,1821,A,95,6.1NRT,294.6,86.88,D
-7.76829,-47.56504,354.07,1.6,1.24,2026-06-16,1824,A,97,6.1NRT,302.39,125.69,D
-21.07708,-43.75763,349.15,1.35,1.15,2026-06-16,1821,A,96,6.1NRT,294.49,92.97,D
-21.07877,-43.77065,316.37,1.35,1.15,2026-06-16,1821,A,76,6.1NRT,292.98,21.2,D
-7.77022,-47.57895,318.44,1.6,1.25,2026-06-16,1824,A,66,6.1NRT,301.25,15.49,D
-20.54492,-43.75157,301.36,1.33,1.14,2026-06-16,1821,A,15,6.1NRT,289.65,4.69,D
-6.27523,-38.17184,309.32,1.83,1.32,2026-06-16,1824,A,40,6.1NRT,295.19,11.19,D
-20.09679,-43.2729,314.89,1.23,1.1,2026-06-16,1821,A,74,6.1NRT,294.41,14.6,D
-7.0716,-43.40697,325.07,1,1,2026-06-16,1824,A,62,6.1NRT,301.91,11.9,D
-20.09506,-43.27874,313.41,1.23,1.1,2026-06-16,1821,A,72,6.1NRT,294.44,13.08,D
-7.07289,-43.41574,337.8,1,1,2026-06-16,1824,A,87,6.1NRT,305.07,29.1,D
-19.62299,-40.24374,306.65,1,1,2026-06-16,1821,A,51,6.1NRT,295.03,4.18,D
-6.98544,-42.88222,348.68,1,1,2026-06-16,1824,A,94,6.1NRT,310.3,46.17,D
-19.53898,-40.12192,304.75,1,1,2026-06-16,1821,A,28,6.1NRT,294.71,3.26,D
-6.98674,-42.89101,332.23,1,1,2026-06-16,1824,A,83,6.1NRT,309.91,17.98,D
-19.46064,-39.83932,307.44,1.01,1,2026-06-16,1821,A,21,6.1NRT,294.01,5.76,D
-6.97668,-42.88353,334.3,1,1,2026-06-16,1824,A,85,6.1NRT,308.18,20.9,D
-19.55769,-40.75116,315.33,1,1,2026-06-16,1821,A,72,6.1NRT,298.23,8.67,D
-6.97798,-42.89234,326.21,1,1,2026-06-16,1824,A,77,6.1NRT,308.5,10.34,D
-19.47256,-40.66064,315.45,1,1,2026-06-16,1821,A,60,6.1NRT,293.53,10.43,D
-7.0541,-43.40959,329.32,1,1,2026-06-16,1824,A,80,6.1NRT,300.18,19.14,D
-19.28683,-40.28663,308.44,1,1,2026-06-16,1821,A,58,6.1NRT,295.62,3.99,D
-8.05322,-50.64705,317.38,2.84,1.61,2026-06-16,1824,A,68,6.1NRT,298.89,38.53,D
-19.48686,-42.54078,314.31,1.11,1.05,2026-06-16,1821,A,67,6.1NRT,298.15,9.61,D
-8.05643,-50.67178,315.88,2.86,1.61,2026-06-16,1824,A,65,6.1NRT,297.48,32.75,D
-19.48826,-42.55112,323.5,1.12,1.05,2026-06-16,1821,A,76,6.1NRT,298.64,19.51,D
-19.06372,-40.08942,311.77,1.01,1,2026-06-16,1821,A,63,6.1NRT,296.95,6.82,D
-7.75089,-48.45064,315.37,1.87,1.34,2026-06-16,1824,A,58,6.1NRT,301.17,15.77,D
-18.61236,-40.04429,313.15,1.01,1,2026-06-16,1821,A,64,6.1NRT,297.23,7.36,D
-7.74384,-48.45688,317.9,1.87,1.34,2026-06-16,1824,A,58,6.1NRT,301.48,21.54,D
-18.61375,-40.05357,310.93,1.01,1,2026-06-16,1821,A,58,6.1NRT,297.16,5.68,D
-7.21151,-44.87521,325.37,1.08,1.04,2026-06-16,1824,A,69,6.1NRT,306.99,15.49,D
-18.8602,-42.06998,316.47,1.06,1.03,2026-06-16,1821,A,72,6.1NRT,298.02,10.7,D
-7.32118,-46.92813,322.98,1.41,1.18,2026-06-16,1824,A,74,6.1NRT,303.57,16.55,D
-18.86154,-42.07965,311.77,1.06,1.03,2026-06-16,1821,A,64,6.1NRT,297.06,6.66,D
-7.32294,-46.94056,326.31,1.42,1.18,2026-06-16,1824,A,78,6.1NRT,302.61,22.13,D
-18.63892,-40.9058,322.45,1,1,2026-06-16,1821,A,78,6.1NRT,299.72,14.81,D
-7.4849,-49.60056,320.71,2.29,1.46,2026-06-16,1824,A,74,6.1NRT,299.46,36.3,D
-18.64026,-40.91501,312.75,1,1,2026-06-16,1821,A,60,6.1NRT,299.14,5.66,D
-7.57048,-50.23566,325.92,2.58,1.54,2026-06-16,1824,A,80,6.1NRT,298.45,70.43,D
-18.06798,-41.4287,313.88,1.01,1.01,2026-06-16,1821,A,68,6.1NRT,299.21,7.93,D
-7.37343,-49.85073,346.99,2.39,1.49,2026-06-16,1824,A,88,6.1NRT,296.14,177.88,D
-17.91566,-42.6329,330.8,1.09,1.04,2026-06-16,1821,A,86,6.1NRT,292.56,30.81,D
-7.37613,-49.87138,338.7,2.4,1.49,2026-06-16,1824,A,84,6.1NRT,295.11,125.52,D
-18.23615,-45.57187,315.4,1.64,1.26,2026-06-16,1821,A,73,6.1NRT,295.1,21.08,D
-7.376,-49.85533,354.57,2.39,1.49,2026-06-16,1824,A,92,6.1NRT,297.5,236.35,D
-18.23804,-45.58708,310.15,1.64,1.26,2026-06-16,1821,A,65,6.1NRT,294.62,12.7,D
-7.37885,-49.87589,323.71,2.4,1.49,2026-06-16,1824,A,73,6.1NRT,296.48,54.51,D
-17.16203,-39.67801,314.68,1.05,1.02,2026-06-16,1821,A,67,6.1NRT,297.76,9.42,D
-6.39989,-44.17733,319.22,1.02,1.01,2026-06-16,1824,A,70,6.1NRT,306.96,10.51,D
-17.1635,-39.68758,314.02,1.04,1.02,2026-06-16,1821,A,66,6.1NRT,297.97,8.83,D
-6.44515,-44.93943,318.59,1.07,1.03,2026-06-16,1824,A,69,6.1NRT,302.37,9.92,D
-17.42575,-41.63913,312.65,1.01,1.01,2026-06-16,1821,A,67,6.1NRT,297.08,8.32,D
-6.44649,-44.94877,322.81,1.07,1.03,2026-06-16,1824,A,75,6.1NRT,301.62,15.05,D
-17.79385,-44.57599,312.25,1.38,1.16,2026-06-16,1821,A,64,6.1NRT,294.39,11.22,D
-6.1764,-43.36061,314.23,1,1,2026-06-16,1824,A,41,6.1NRT,300.19,8.1,D
-17.60318,-44.60193,317.09,1.37,1.16,2026-06-16,1821,A,74,6.1NRT,297.77,16.08,D
-6.41986,-45.28013,320.88,1.1,1.05,2026-06-16,1824,A,71,6.1NRT,304.32,12.33,D
-16.95738,-42.63547,311.25,1.07,1.03,2026-06-16,1821,A,63,6.1NRT,296.94,7.19,D
-6.07414,-44.16853,319.49,1.01,1.01,2026-06-16,1824,A,59,6.1NRT,299.93,11.93,D
-16.40735,-39.45922,311.21,1.08,1.04,2026-06-16,1821,A,61,6.1NRT,298.68,6.14,D
-6.06533,-44.16984,343.86,1.01,1.01,2026-06-16,1824,A,92,6.1NRT,299.98,45.75,D
-16.40885,-39.46901,310.87,1.08,1.04,2026-06-16,1821,A,60,6.1NRT,298.64,5.79,D
-17.05075,-45.7058,309.52,1.61,1.25,2026-06-16,1821,A,60,6.1NRT,294.18,10.72,D
-6.06663,-44.17872,324.8,1.02,1.01,2026-06-16,1824,A,78,6.1NRT,300.68,17.28,D
-16.31598,-41.43854,323.85,1,1,2026-06-16,1821,A,80,6.1NRT,298.81,16.61,D
-6.07526,-44.99908,320.03,1.07,1.03,2026-06-16,1824,A,61,6.1NRT,300.74,10.06,D
-15.84943,-39.02987,307.42,1.14,1.06,2026-06-16,1821,A,30,6.1NRT,295.98,5.31,D
-5.8473,-43.49013,316.97,1,1,2026-06-16,1824,A,65,6.1NRT,302.83,8.33,D
-15.51239,-39.65195,307.8,1.08,1.04,2026-06-16,1821,A,51,6.1NRT,297.49,4.62,D
-6.06758,-45.00984,321.66,1.07,1.03,2026-06-16,1824,A,60,6.1NRT,301.98,13.34,D
-5.71604,-43.23045,315.2,1,1,2026-06-16,1824,A,63,6.1NRT,299.93,7.33,D
-15.62931,-41.22957,309.66,1,1,2026-06-16,1821,A,59,6.1NRT,298.46,5.89,D
-5.79209,-43.88614,316.01,1,1,2026-06-16,1824,A,66,6.1NRT,300.01,8.54,D
-15.63064,-41.23862,311.34,1,1,2026-06-16,1821,A,63,6.1NRT,297.96,7.07,D
-6.22131,-46.89831,332.86,1.36,1.15,2026-06-16,1824,A,85,6.1NRT,300.93,39.37,D
-15.3681,-39.86152,314.18,1.06,1.03,2026-06-16,1821,A,68,6.1NRT,299.88,8.34,D
-5.80748,-45.06678,320.98,1.07,1.03,2026-06-16,1824,A,53,6.1NRT,303.11,14.16,D
-15.65466,-41.90837,312.66,1.01,1,2026-06-16,1821,A,58,6.1NRT,299.03,7.76,D
-5.79844,-45.06804,366.02,1.07,1.03,2026-06-16,1824,A,100,6.1NRT,301.61,106.82,D
-15.38592,-40.15633,312.97,1.04,1.02,2026-06-16,1821,A,66,6.1NRT,299.93,6.34,D
-5.58367,-43.78617,319.36,1,1,2026-06-16,1824,A,72,6.1NRT,296.29,12.93,D
-15.69351,-42.24045,309.7,1.02,1.01,2026-06-16,1821,A,58,6.1NRT,295.61,6.14,D
-5.58495,-43.79491,341.8,1,1,2026-06-16,1824,A,91,6.1NRT,299.96,42.44,D
-16.07313,-44.99083,315.48,1.39,1.17,2026-06-16,1821,A,70,6.1NRT,298.49,13.37,D
-6.17497,-48.51013,315.21,1.78,1.31,2026-06-16,1824,A,45,6.1NRT,300.02,13.07,D
-15.59355,-41.79681,358.53,1.01,1,2026-06-16,1821,A,99,6.1NRT,297.26,79.19,D
-5.45025,-43.57153,314.11,1,1,2026-06-16,1824,A,62,6.1NRT,297.8,7.06,D
-15.59487,-41.80591,336.52,1.01,1,2026-06-16,1821,A,89,6.1NRT,296.64,34.31,D
-6.14447,-48.53614,313.6,1.79,1.31,2026-06-16,1824,A,50,6.1NRT,299.65,11.82,D
-15.1019,-39.16483,313.15,1.14,1.07,2026-06-16,1821,A,66,6.1NRT,295.77,10.61,D
-15.10354,-39.17516,310.33,1.14,1.06,2026-06-16,1821,A,59,6.1NRT,295.61,8,D
-5.27872,-43.02983,314.76,1.01,1,2026-06-16,1824,A,61,6.1NRT,298.17,7.78,D
-5.28001,-43.03863,311.65,1.01,1,2026-06-16,1824,A,41,6.1NRT,298.23,5.5,D
-15.43895,-41.37391,350.3,1,1,2026-06-16,1821,A,96,6.1NRT,300.32,58.85,D
-15.44028,-41.38295,339.99,1,1,2026-06-16,1821,A,91,6.1NRT,302.13,39.21,D
-5.35519,-45.19183,312.65,1.07,1.03,2026-06-16,1824,A,61,6.1NRT,301.01,6.03,D
-15.87823,-44.75426,309.43,1.33,1.14,2026-06-16,1821,A,58,6.1NRT,295.69,6.55,D
-5.04424,-43.26345,315.93,1.01,1,2026-06-16,1824,A,67,6.1NRT,300.8,8.53,D
-5.33798,-46.53464,310.51,1.25,1.11,2026-06-16,1824,A,28,6.1NRT,295.67,7.99,D
-15.00217,-39.70879,323.94,1.09,1.04,2026-06-16,1821,A,80,6.1NRT,298.43,19.82,D
-5.44257,-47.96482,312.38,1.57,1.24,2026-06-16,1824,A,59,6.1NRT,300,8.35,D
-15.16012,-41.29768,314.49,1,1,2026-06-16,1821,A,70,6.1NRT,300.26,9.15,D
-4.62695,-43.0624,318.89,1.01,1.01,2026-06-16,1824,A,72,6.1NRT,302.19,10.46,D
-15.13784,-41.32891,318.76,1,1,2026-06-16,1821,A,75,6.1NRT,298.3,12.52,D
-4.93169,-45.33219,322.2,1.08,1.04,2026-06-16,1824,A,77,6.1NRT,299.47,16.45,D
-15.1868,-41.80794,326.14,1,1,2026-06-16,1821,A,77,6.1NRT,297.52,20.61,D
-4.67547,-43.95546,313.51,1,1,2026-06-16,1824,A,62,6.1NRT,298.47,5.99,D
-14.42724,-39.17285,310.42,1.16,1.07,2026-06-16,1821,A,63,6.1NRT,293.19,8.36,D
-4.7477,-45.20966,315.44,1.06,1.03,2026-06-16,1824,A,68,6.1NRT,299.42,8.97,D
-14.42329,-39.96714,306.52,1.07,1.03,2026-06-16,1821,A,38,6.1NRT,295.35,4.23,D
-4.70498,-46.53069,313.27,1.23,1.1,2026-06-16,1824,A,62,6.1NRT,299.51,8.44,D
-14.59248,-41.7165,312.4,1,1,2026-06-16,1821,A,60,6.1NRT,297.44,6.03,D
-4.70649,-46.54141,332.66,1.23,1.1,2026-06-16,1824,A,85,6.1NRT,299.32,36.49,D
-14.37112,-41.58876,323.08,1,1,2026-06-16,1821,A,76,6.1NRT,301.49,13.82,D
-14.37244,-41.59775,323.22,1,1,2026-06-16,1821,A,76,6.1NRT,301.64,14.19,D
-3.96115,-43.11394,311.83,1.02,1.01,2026-06-16,1824,A,40,6.1NRT,298.94,5.57,D
-14.32086,-41.74941,317.11,1,1,2026-06-16,1821,A,66,6.1NRT,300.61,7.39,D
-4.17513,-46.15731,311.36,1.15,1.07,2026-06-16,1824,A,46,6.1NRT,298.68,7.43,D
-14.32218,-41.7584,316.08,1,1,2026-06-16,1821,A,63,6.1NRT,300.64,6.49,D
-4.08892,-47.32022,318.58,1.35,1.15,2026-06-16,1826,A,73,6.1NRT,301.89,15.56,D
-14.56175,-44.62145,312.46,1.26,1.11,2026-06-16,1824,A,55,6.1NRT,299.26,7.66,D
-3.98004,-47.97082,340.26,1.49,1.21,2026-06-16,1826,A,91,6.1NRT,299.2,67.77,D
-14.90796,-47.73515,316.49,2.13,1.42,2026-06-16,1824,A,66,6.1NRT,290.85,31.56,D
-3.98195,-47.98384,313.35,1.5,1.21,2026-06-16,1826,A,65,6.1NRT,299.11,10.63,D
-14.20944,-42.56622,334.8,1.02,1.01,2026-06-16,1824,A,86,6.1NRT,301.54,30.99,D
-2.92814,-42.69918,319.7,1.06,1.03,2026-06-16,1826,A,64,6.1NRT,298.8,10.6,D
-14.21074,-42.57536,312.75,1.02,1.01,2026-06-16,1824,A,42,6.1NRT,299.34,6.14,D
-2.91915,-42.7005,328.55,1.06,1.03,2026-06-16,1826,A,82,6.1NRT,300.19,21.63,D
-13.82371,-42.1396,321.62,1,1,2026-06-16,1824,A,74,6.1NRT,302.1,11.82,D
-3.81337,-48.96199,330.85,1.77,1.3,2026-06-16,1826,A,85,6.1NRT,298.29,56.1,D
-13.82502,-42.1486,314,1,1,2026-06-16,1824,A,45,6.1NRT,301.35,5.1,D
-3.81557,-48.97736,312.23,1.77,1.3,2026-06-16,1826,A,63,6.1NRT,297.95,12.42,D
-13.44469,-39.86106,318.89,1.11,1.05,2026-06-16,1824,A,75,6.1NRT,297.8,15.17,D
-2.79635,-42.67735,312.93,1.07,1.03,2026-06-16,1826,A,57,6.1NRT,299.65,5.88,D
-13.41432,-39.96334,318.18,1.1,1.04,2026-06-16,1824,A,74,6.1NRT,298.12,13.45,D
-2.75888,-42.54963,312.18,1.08,1.04,2026-06-16,1826,A,57,6.1NRT,298.76,5.04,D
-13.90296,-43.79071,321.54,1.12,1.05,2026-06-16,1824,A,73,6.1NRT,300.47,12.89,D
-3.51815,-48.04165,308.95,1.49,1.2,2026-06-16,1826,A,53,6.1NRT,297.06,9.31,D
-13.38309,-40.35999,314.07,1.06,1.03,2026-06-16,1824,A,68,6.1NRT,297.15,10.03,D
-3.6077,-49.44815,321.3,1.91,1.35,2026-06-16,1826,A,77,6.1NRT,298.35,31.94,D
-13.33763,-40.61378,314.48,1.04,1.02,2026-06-16,1824,A,69,6.1NRT,298.98,7.62,D
-3.61009,-49.4648,323.76,1.92,1.35,2026-06-16,1826,A,80,6.1NRT,298.07,39.18,D
-13.33904,-40.62309,325.19,1.04,1.02,2026-06-16,1824,A,81,6.1NRT,300.42,18.36,D
-13.96183,-46.02822,322.79,1.53,1.22,2026-06-16,1824,A,77,6.1NRT,302.11,28.5,D
-13.95115,-46.02987,368.68,1.53,1.22,2026-06-16,1824,A,100,6.1NRT,301.84,197.93,D
-13.95292,-46.04362,333.47,1.53,1.22,2026-06-16,1824,A,86,6.1NRT,299.26,51.01,D
-13.06209,-39.95563,319.61,1.11,1.05,2026-06-16,1824,A,76,6.1NRT,295.77,16.33,D
-13.55743,-43.43968,362.56,1.07,1.03,2026-06-16,1824,A,87,6.1NRT,306.51,94.08,D
-13.55879,-43.44931,327.65,1.07,1.03,2026-06-16,1824,A,0,6.1NRT,302.15,19.52,D
-12.97372,-41.07399,327.17,1.02,1.01,2026-06-16,1824,A,81,6.1NRT,301.48,20.08,D
-12.55868,-40.83588,314.37,1.04,1.02,2026-06-16,1824,A,67,6.1NRT,298.27,8.75,D
-12.5601,-40.84518,314.87,1.04,1.02,2026-06-16,1824,A,68,6.1NRT,298.02,9.23,D
-13.2871,-46.07275,333.89,1.5,1.21,2026-06-16,1824,A,86,6.1NRT,300.97,49.69,D
-13.28891,-46.08615,342.02,1.51,1.21,2026-06-16,1824,A,91,6.1NRT,301,73.71,D
-13.27647,-46.07404,325.4,1.5,1.21,2026-06-16,1824,A,79,6.1NRT,299.87,29.63,D
-13.27825,-46.08736,346.25,1.51,1.21,2026-06-16,1824,A,93,6.1NRT,301.13,87.58,D
-12.92788,-43.61481,321.33,1.08,1.04,2026-06-16,1824,A,72,6.1NRT,304.36,11.9,D
-12.92924,-43.62444,321.06,1.08,1.04,2026-06-16,1824,A,71,6.1NRT,304.04,11.52,D
-12.43019,-40.90692,323.64,1.04,1.02,2026-06-16,1824,A,79,6.1NRT,297.51,18.8,D
-12.37304,-41.01589,309.98,1.03,1.01,2026-06-16,1824,A,58,6.1NRT,298.51,5.07,D
-12.85901,-44.36903,322.65,1.16,1.07,2026-06-16,1824,A,72,6.1NRT,308.47,16.03,D
-12.8496,-44.3704,366.7,1.16,1.07,2026-06-16,1824,A,100,6.1NRT,308.72,122.12,D
-12.85105,-44.3808,325.07,1.16,1.07,2026-06-16,1824,A,66,6.1NRT,304.35,19.12,D
-12.06833,-41.57125,314.61,1.01,1,2026-06-16,1824,A,68,6.1NRT,300.79,6.47,D
-11.69766,-40.70997,315.72,1.06,1.03,2026-06-16,1824,A,68,6.1NRT,297.09,11.68,D
-12.66058,-47.66809,328.07,1.94,1.36,2026-06-16,1824,A,81,6.1NRT,300.31,50.44,D
-12.66284,-47.68545,321.99,1.95,1.36,2026-06-16,1824,A,75,6.1NRT,300.56,32.83,D
-11.44944,-39.27974,310.9,1.25,1.11,2026-06-16,1824,A,46,6.1NRT,295.71,6.7,D
-11.41934,-40.82111,331.15,1.06,1.03,2026-06-16,1824,A,84,6.1NRT,297.69,29.59,D
-11.6065,-42.13605,317.8,1,1,2026-06-16,1824,A,67,6.1NRT,303.23,7.37,D
-11.89825,-44.36234,312.53,1.13,1.06,2026-06-16,1824,A,14,6.1NRT,299.12,4.53,D
-11.82971,-44.7467,317.63,1.19,1.08,2026-06-16,1824,A,42,6.1NRT,302.85,9.19,D
-11.83112,-44.75699,315.68,1.19,1.08,2026-06-16,1824,A,40,6.1NRT,302.44,6.83,D
-11.82606,-44.75262,319.11,1.19,1.08,2026-06-16,1824,A,69,6.1NRT,303.03,11.95,D
-11.15715,-40.31196,315.89,1.12,1.05,2026-06-16,1824,A,65,6.1NRT,299.19,11.48,D
-11.80204,-44.9292,323.52,1.21,1.09,2026-06-16,1824,A,61,6.1NRT,302.85,18,D
-11.79245,-44.93059,323.47,1.21,1.09,2026-06-16,1824,A,58,6.1NRT,298.94,17.55,D
-11.11724,-40.41962,312.91,1.1,1.05,2026-06-16,1824,A,56,6.1NRT,295.45,9.56,D
-11.28997,-41.99477,320.02,1,1,2026-06-16,1824,A,70,6.1NRT,305.54,7.58,D
-11.29128,-42.00366,318.07,1,1,2026-06-16,1824,A,66,6.1NRT,306.12,5.94,D
-11.86686,-47.12344,320.03,1.71,1.28,2026-06-16,1824,A,67,6.1NRT,300.75,21.17,D
-11.86513,-47.11491,314.86,1.71,1.28,2026-06-16,1824,A,51,6.1NRT,299.91,13.19,D
-11.25178,-43.381,321.48,1.03,1.01,2026-06-16,1824,A,71,6.1NRT,305.67,10.17,D
-10.98542,-46.44921,339.43,1.48,1.2,2026-06-16,1824,A,89,6.1NRT,302.74,58.48,D
-10.98727,-46.46302,374.22,1.48,1.2,2026-06-16,1824,A,100,6.1NRT,306.37,217.58,D
-10.98909,-46.47663,324.73,1.49,1.2,2026-06-16,1824,A,69,6.1NRT,303.4,23.88,D
-11.20363,-49.68112,327.11,2.66,1.57,2026-06-16,1824,A,80,6.1NRT,295.57,78.8,D
-11.20652,-49.70475,312.54,2.68,1.57,2026-06-16,1824,A,48,6.1NRT,297.9,20.89,D
-11.211,-49.68523,312.68,2.66,1.57,2026-06-16,1824,A,47,6.1NRT,295.84,22.03,D
-11.19728,-49.68698,327.67,2.66,1.57,2026-06-16,1824,A,81,6.1NRT,298.3,81.68,D
-10.51187,-44.85883,312.73,1.16,1.07,2026-06-16,1824,A,53,6.1NRT,301.32,6.2,D
-10.84429,-49.72729,315.61,2.65,1.56,2026-06-16,1824,A,65,6.1NRT,298.1,29.59,D
-10.84718,-49.75077,321.72,2.66,1.57,2026-06-16,1824,A,75,6.1NRT,297.92,54.52,D
-10.83777,-49.73323,318.38,2.65,1.56,2026-06-16,1824,A,47,6.1NRT,297.85,34.47,D
-9.37792,-40.76876,318.73,1.11,1.05,2026-06-16,1824,A,67,6.1NRT,300.17,12.67,D
-10.25745,-47.36008,321.24,1.68,1.28,2026-06-16,1824,A,72,6.1NRT,301.77,21.15,D
-10.25704,-47.36689,319.54,1.68,1.28,2026-06-16,1824,A,63,6.1NRT,301.23,15.9,D
-10.04455,-46.72875,323.52,1.5,1.21,2026-06-16,1824,A,75,6.1NRT,298.1,26.31,D
-10.11815,-47.69254,317.44,1.78,1.31,2026-06-16,1824,A,65,6.1NRT,303.38,16.82,D
-8.56747,-37.71965,310.35,1.8,1.32,2026-06-16,1824,A,57,6.1NRT,295.64,10.59,D
-9.7076,-47.03455,320.68,1.56,1.23,2026-06-16,1824,A,51,6.1NRT,302.01,17,D
-9.6968,-47.03592,324.37,1.56,1.23,2026-06-16,1824,A,76,6.1NRT,303.79,25.62,D
-9.69867,-47.04977,319.99,1.57,1.23,2026-06-16,1824,A,57,6.1NRT,302.98,16.78,D
-8.49878,-39.39187,317.09,1.36,1.16,2026-06-16,1824,A,67,6.1NRT,295.73,14.13,D
-9.61547,-47.54175,326.08,1.7,1.28,2026-06-16,1824,A,78,6.1NRT,302.99,34.38,D
-8.07852,-37.54884,316.9,1.9,1.35,2026-06-16,1824,A,71,6.1NRT,297.52,22.98,D
-9.36658,-46.48722,328.27,1.41,1.18,2026-06-16,1824,A,80,6.1NRT,304.75,30.38,D
-9.35629,-46.48862,329.32,1.41,1.18,2026-06-16,1824,A,81,6.1NRT,304.78,31.44,D
-9.50281,-48.0626,320.91,1.86,1.33,2026-06-16,1824,A,71,6.1NRT,302.17,28.64,D
-9.50502,-48.07882,319.41,1.86,1.33,2026-06-16,1824,A,69,6.1NRT,300.89,25.15,D
-9.49331,-48.08029,329.94,1.86,1.33,2026-06-16,1824,A,82,6.1NRT,302.15,52.01,D
-9.37262,-48.4132,319.94,1.97,1.37,2026-06-16,1824,A,40,6.1NRT,305.63,21.89,D
-9.31806,-48.32097,319.37,1.93,1.36,2026-06-16,1824,A,65,6.1NRT,301.71,21.73,D
-8.82668,-44.81407,319.4,1.11,1.05,2026-06-16,1824,A,46,6.1NRT,304.94,8.33,D
-8.81746,-44.81527,335.34,1.11,1.05,2026-06-16,1824,A,85,6.1NRT,305.22,30.22,D
-8.93816,-45.67909,321.52,1.24,1.1,2026-06-16,1824,A,46,6.1NRT,306.34,10.85,D
-9.14173,-47.44318,318.64,1.64,1.26,2026-06-16,1824,A,66,6.1NRT,301.57,18.4,D
-9.113,-47.31591,320.25,1.6,1.25,2026-06-16,1824,A,69,6.1NRT,303.38,19.67,D
-9.10209,-47.31744,319.23,1.6,1.25,2026-06-16,1824,A,67,6.1NRT,303.35,17.44,D
-9.09177,-47.40608,314.24,1.63,1.26,2026-06-16,1824,A,51,6.1NRT,302.46,10.82,D
-9.01071,-46.96624,329.47,1.51,1.21,2026-06-16,1824,A,81,6.1NRT,303.45,33.75,D
-9.0001,-46.9677,328.55,1.51,1.21,2026-06-16,1824,A,79,6.1NRT,302.64,31.31,D
-9.00467,-46.95918,328.82,1.5,1.21,2026-06-16,1824,A,78,6.1NRT,305.63,31.59,D
-9.00652,-46.97229,321.23,1.51,1.21,2026-06-16,1824,A,37,6.1NRT,302.59,16.53,D
-8.99406,-46.96059,322.48,1.5,1.21,2026-06-16,1824,A,50,6.1NRT,302.77,18.29,D
-8.97286,-46.9635,343.35,1.5,1.21,2026-06-16,1824,A,91,6.1NRT,303.16,67.35,D
-8.9747,-46.97681,332.9,1.51,1.21,2026-06-16,1824,A,59,6.1NRT,303,37.8,D
-8.97655,-46.99019,331.79,1.51,1.21,2026-06-16,1824,A,35,6.1NRT,301.38,35.77,D
-8.97839,-47.00348,326.1,1.51,1.21,2026-06-16,1824,A,26,6.1NRT,301.32,25.86,D
-8.95865,-46.9387,319.02,1.5,1.21,2026-06-16,1824,A,23,6.1NRT,304.2,11.89,D
-8.96045,-46.95183,345.02,1.5,1.21,2026-06-16,1824,A,92,6.1NRT,306.23,76.47,D
-8.96227,-46.96502,340.5,1.5,1.21,2026-06-16,1824,A,89,6.1NRT,306.26,58.93,D
-8.9641,-46.97835,336.04,1.51,1.21,2026-06-16,1824,A,77,6.1NRT,304.02,45.94,D
-8.96777,-47.00502,328.73,1.51,1.21,2026-06-16,1824,A,62,6.1NRT,301.54,34.01,D
-8.95169,-46.9666,336.82,1.5,1.21,2026-06-16,1824,A,78,6.1NRT,305.47,48.75,D
-8.95351,-46.97992,365.07,1.51,1.21,2026-06-16,1824,A,100,6.1NRT,304.4,160.94,D
-8.95533,-46.99323,350.48,1.51,1.21,2026-06-16,1824,A,95,6.1NRT,300.03,94.71,D
-8.95713,-47.00644,344.49,1.51,1.21,2026-06-16,1824,A,92,6.1NRT,300.52,77.7,D
-8.94291,-46.98149,331,1.51,1.21,2026-06-16,1824,A,66,6.1NRT,299.21,36.17,D
-8.97926,-47.50045,319.79,1.65,1.26,2026-06-16,1824,A,45,6.1NRT,302.02,18.92,D
-8.97587,-47.49275,324.06,1.65,1.26,2026-06-16,1824,A,75,6.1NRT,301.89,28.53,D
-8.97789,-47.50729,331.94,1.65,1.26,2026-06-16,1824,A,83,6.1NRT,302.59,49.51,D
-8.89357,-46.98129,328.79,1.5,1.21,2026-06-16,1824,A,80,6.1NRT,295.57,35.57,D
-8.96481,-47.49422,318.22,1.65,1.26,2026-06-16,1824,A,63,6.1NRT,301.25,16.16,D
-8.96683,-47.50885,327.47,1.65,1.26,2026-06-16,1824,A,79,6.1NRT,301.8,37.43,D
-8.88296,-46.98266,339.51,1.5,1.21,2026-06-16,1824,A,89,6.1NRT,302.02,63.55,D
-8.8848,-46.99596,328.99,1.51,1.21,2026-06-16,1824,A,80,6.1NRT,302.08,36.53,D
-9.27972,-50.13279,315.94,2.7,1.57,2026-06-16,1824,A,63,6.1NRT,301.05,26.07,D
-8.75712,-47.82233,322.23,1.73,1.29,2026-06-16,1824,A,73,6.1NRT,301.7,27.75,D
-8.75859,-47.82725,316.86,1.73,1.29,2026-06-16,1824,A,54,6.1NRT,301.47,14.48,D
-8.58883,-47.08318,315.28,1.51,1.21,2026-06-16,1824,A,45,6.1NRT,302.78,10.9,D
-8.70503,-48.72959,319.79,2.04,1.39,2026-06-16,1824,A,70,6.1NRT,301.02,30.4,D
-8.79514,-49.62883,320.19,2.42,1.5,2026-06-16,1824,A,70,6.1NRT,299.36,36.66,D
-8.70134,-48.73532,316.75,2.04,1.39,2026-06-16,1824,A,63,6.1NRT,301.01,20.71,D
-8.78234,-49.61407,313.87,2.41,1.5,2026-06-16,1824,A,36,6.1NRT,299.5,19.11,D
